Object Count,Parallel Fetch (ms),Rehydration (ms),Total Time (ms)
10,3.328953800155432,3.4720741999990423,6.801028000154474
25,3.126316800080531,4.166265399726399,7.29258219980693
50,3.097816000263265,5.159119599920814,8.256935600184079
100,3.6698153997349436,6.535440800325887,10.20525620006083
250,4.2350821999207255,11.256720400342601,15.491802600263327
500,4.851974799930758,17.69234020011936,22.54431500005012
