Object Count,Parallel Fetch (ms),Rehydration (ms),Total Time (ms)
10,10.707213000205229,8.780251800271799,19.487464800477028
50,12.632429599398165,8.626926800934598,21.259356400332763
100,10.541088199533988,7.51482460036641,18.055912799900398
500,12.379672799943364,7.161845401060418,19.541518201003782
1000,11.424226200324483,6.389883799420204,17.814109999744687
1500,10.57648740024888,7.068703400000231,17.64519080024911
