Object Count,Parallel Fetch (ms),Rehydration (ms),Total Time (ms)
10,3.3075816001655767,3.559986200161802,6.867567800327379
25,3.20176020013605,3.9907307995235892,7.19249099965964
50,3.3680682001431705,4.796576199441915,8.164644399585086
100,5.490684399774182,9.745683600340271,15.236368000114453
250,4.108145999998669,12.360011400232906,16.468157400231576
500,4.426030599825026,17.7368752001712,22.162905799996224
